400; 0.0684928906076574
405; 0.05955769901687202
410; 0.05075921737165201
415; 0.044521487062139986
420; 0.039627081320463775
425; 0.034508877186226306
430; 0.03015283661515955
435; 0.025817537718072936
440; 0.02285256336934194
445; 0.02130512609068491
450; 0.02130890929039908
455; 0.021308899280530813
460; 0.02130889930019264
465; 0.02130889930016
470; 0.021308899300160222
475; 0.02130889930016311
480; 0.021308899301486495
485; 0.021308896892983098
490; 0.021311107818759556
495; 0.023869003653683718
500; 0.028954529679628083
505; 0.035663907851997134
510; 0.04451830173399496
515; 0.05181362391459943
520; 0.05920656995564677
525; 0.060791576736946906
530; 0.058159703115066685
535; 0.05323576011575959
540; 0.04652849851159546
545; 0.040574095573884916
550; 0.0395730353432624
555; 0.0395875092725575
560; 0.0539111143314448
565; 0.10740818102274141
570; 0.22245467198348834
575; 0.3922547974943721
580; 0.5606899877945719
585; 0.7249497092505278
590; 0.8738079383427171
595; 0.9526324647722348
600; 0.9809402955109352
605; 0.9950523401167537
610; 0.9978871868274559
615; 0.9977276816705882
620; 0.9932626757687639
625; 0.9906320420228991
630; 0.9909084473508083
635; 0.9923868533042652
640; 0.9923685397174349
645; 0.9857008385397807
650; 0.9652536749120861
655; 0.9455992013869385
660; 0.9239599971096111
665; 0.9002211376019307
670; 0.8764697044425508
675; 0.8497183416674337
680; 0.8242793049366341
685; 0.8004640559441326
690; 0.7875001831816806
695; 0.788749442571919
700; 0.7978668791146135
